Top pages,Clicks,Impressions,CTR,Position
https://cheqify.app/,10,32,31.25%,1.41
https://cheqify.app/en,3,7,42.86%,2.43
https://cheqify.app/en/about,2,23,8.7%,6.78
https://app.cheqify.app/,1,18,5.56%,3.11
https://cheqify.app/en/pricing,1,18,5.56%,8.33
https://cheqify.app/en/blog,1,14,7.14%,7.43
https://cheqify.app/en/comparison,0,44,0%,7.98
https://cheqify.app/hi/blog/cheque-validity-period-stop-payment-india,0,25,0%,10.92
https://cheqify.app/en/features,0,21,0%,4.52
https://cheqify.app/gu/blog/section-138-ni-act-cheque-bounce-india,0,11,0%,9.64
https://cheqify.app/en/privacy,0,6,0%,7.5
https://cheqify.app/hi/blog/section-138-ni-act-cheque-bounce-india,0,5,0%,39.2
https://cheqify.app/gu/blog/how-to-print-cheque-in-india,0,4,0%,9.25
https://cheqify.app/gu/blog/cheque-validity-period-stop-payment-india,0,4,0%,11.5
https://cheqify.app/gu/privacy,0,3,0%,3
https://cheqify.app/en/blog/cheque-validity-period-stop-payment-india,0,3,0%,5
https://cheqify.app/en/blog/cheque-printing-mistakes-indian-businesses,0,3,0%,5.33
https://cheqify.app/hi/comparison,0,3,0%,5.33
https://cheqify.app/gu,0,3,0%,8.33
https://cheqify.app/gu/comparison,0,3,0%,8.67
https://cheqify.app/hi,0,2,0%,5
https://cheqify.app/hi/blog/cheque-printing-mistakes-indian-businesses,0,1,0%,3
https://cheqify.app/hi/privacy,0,1,0%,3
https://cheqify.app/en/terms,0,1,0%,8
https://cheqify.app/en/blog/cheqify-vs-manual-cheque-writing,0,1,0%,11
https://cheqify.app/hi/blog/post-dated-cheques-rules-and-best-practices,0,1,0%,11
https://cheqify.app/en/blog/section-138-ni-act-cheque-bounce-india,0,1,0%,93