Top queries,Clicks,Impressions,CTR,Position
cheqify,6,15,40%,1.13
chequepot,0,9,0%,7.33
cheque pot,0,2,0%,7.5
validity of cheque in india,0,2,0%,10.5
validity period of cheque in india,0,2,0%,10.5
dhara 138,0,2,0%,41
how to calculate cheque validity,0,1,0%,8
cheqy,0,1,0%,9
how to check cheque validity,0,1,0%,9
bank cheque validity period in india,0,1,0%,12
validity of cheque,0,1,0%,12
138 cheque bounce notice period,0,1,0%,13
cheque ki validity kitni hoti hai,0,1,0%,13
how long can cheque be valid,0,1,0%,13
validity of check date,0,1,0%,13
ni act 138,0,1,0%,34
act 138 in hindi,0,1,0%,69
cheque bounce case,0,1,0%,93